received_at,device_id,f_port,rssi,snr,payload_json
2025-09-18 00:07:55.030793201+00:00,dds75-lb-13,2,-37,10.25,"{""Bat"": 3.291, ""Distance_mm"": 934, ""Interrupt_flag"": 0, ""Node_type"": ""DDS75-LB"", ""Sensor_flag"": 1, ""TempC_DS18B20"": 32.76}"
2025-09-18 00:27:54.783365485+00:00,dds75-lb-13,2,-35,9.0,"{""Bat"": 3.291, ""Distance_mm"": 934, ""Interrupt_flag"": 0, ""Node_type"": ""DDS75-LB"", ""Sensor_flag"": 1, ""TempC_DS18B20"": 32.76}"
2025-09-18 00:47:54.525855977+00:00,dds75-lb-13,2,-35,9.5,"{""Bat"": 3.291, ""Distance_mm"": 934, ""Interrupt_flag"": 0, ""Node_type"": ""DDS75-LB"", ""Sensor_flag"": 1, ""TempC_DS18B20"": 32.76}"
2025-09-18 01:07:54.289659366+00:00,dds75-lb-13,2,-33,7.25,"{""Bat"": 3.291, ""Distance_mm"": 934, ""Interrupt_flag"": 0, ""Node_type"": ""DDS75-LB"", ""Sensor_flag"": 1, ""TempC_DS18B20"": 32.76}"
2025-09-18 01:27:54.047986180+00:00,dds75-lb-13,2,-114,2.25,"{""Bat"": 3.291, ""Distance_mm"": 934, ""Interrupt_flag"": 0, ""Node_type"": ""DDS75-LB"", ""Sensor_flag"": 1, ""TempC_DS18B20"": 32.76}"
2025-09-18 01:47:53.811226714+00:00,dds75-lb-13,2,-35,9.25,"{""Bat"": 3.291, ""Distance_mm"": 934, ""Interrupt_flag"": 0, ""Node_type"": ""DDS75-LB"", ""Sensor_flag"": 1, ""TempC_DS18B20"": 32.76}"
2025-09-18 02:07:53.573508462+00:00,dds75-lb-13,2,-33,9.5,"{""Bat"": 3.291, ""Distance_mm"": 933, ""Interrupt_flag"": 0, ""Node_type"": ""DDS75-LB"", ""Sensor_flag"": 1, ""TempC_DS18B20"": 32.76}"
2025-09-18 02:27:53.323998581+00:00,dds75-lb-13,2,-33,7.75,"{""Bat"": 3.291, ""Distance_mm"": 933, ""Interrupt_flag"": 0, ""Node_type"": ""DDS75-LB"", ""Sensor_flag"": 1, ""TempC_DS18B20"": 32.76}"
2025-09-18 02:47:53.089840340+00:00,dds75-lb-13,2,-32,8.75,"{""Bat"": 3.291, ""Distance_mm"": 934, ""Interrupt_flag"": 0, ""Node_type"": ""DDS75-LB"", ""Sensor_flag"": 1, ""TempC_DS18B20"": 32.76}"
2025-09-18 03:07:52.848392467+00:00,dds75-lb-13,2,-35,9.5,"{""Bat"": 3.291, ""Distance_mm"": 934, ""Interrupt_flag"": 0, ""Node_type"": ""DDS75-LB"", ""Sensor_flag"": 1, ""TempC_DS18B20"": 32.76}"
2025-09-18 03:27:52.611180699+00:00,dds75-lb-13,2,-35,9.25,"{""Bat"": 3.291, ""Distance_mm"": 934, ""Interrupt_flag"": 0, ""Node_type"": ""DDS75-LB"", ""Sensor_flag"": 1, ""TempC_DS18B20"": 32.76}"
2025-09-18 03:47:52.359668348+00:00,dds75-lb-13,2,-33,7.5,"{""Bat"": 3.291, ""Distance_mm"": 934, ""Interrupt_flag"": 0, ""Node_type"": ""DDS75-LB"", ""Sensor_flag"": 1, ""TempC_DS18B20"": 32.76}"
2025-09-18 04:07:52.122898193+00:00,dds75-lb-13,2,-32,10.25,"{""Bat"": 3.291, ""Distance_mm"": 934, ""Interrupt_flag"": 0, ""Node_type"": ""DDS75-LB"", ""Sensor_flag"": 1, ""TempC_DS18B20"": 32.76}"
2025-09-18 04:27:51.872034550+00:00,dds75-lb-13,2,-116,,"{""Bat"": 3.291, ""Distance_mm"": 934, ""Interrupt_flag"": 0, ""Node_type"": ""DDS75-LB"", ""Sensor_flag"": 1, ""TempC_DS18B20"": 32.76}"
2025-09-18 04:47:51.605667582+00:00,dds75-lb-13,2,-114,1.75,"{""Bat"": 3.291, ""Distance_mm"": 934, ""Interrupt_flag"": 0, ""Node_type"": ""DDS75-LB"", ""Sensor_flag"": 1, ""TempC_DS18B20"": 32.76}"
2025-09-18 05:07:51.407630842+00:00,dds75-lb-13,2,-35,7.5,"{""Bat"": 3.291, ""Distance_mm"": 934, ""Interrupt_flag"": 0, ""Node_type"": ""DDS75-LB"", ""Sensor_flag"": 1, ""TempC_DS18B20"": 32.76}"
2025-09-18 05:27:51.139775480+00:00,dds75-lb-13,2,-113,-6.75,"{""Bat"": 3.291, ""Distance_mm"": 929, ""Interrupt_flag"": 0, ""Node_type"": ""DDS75-LB"", ""Sensor_flag"": 1, ""TempC_DS18B20"": 32.76}"
2025-09-18 05:47:50.897996996+00:00,dds75-lb-13,2,-34,9.5,"{""Bat"": 3.291, ""Distance_mm"": 929, ""Interrupt_flag"": 0, ""Node_type"": ""DDS75-LB"", ""Sensor_flag"": 1, ""TempC_DS18B20"": 32.76}"
2025-09-18 06:07:50.660608468+00:00,dds75-lb-13,2,-38,9.75,"{""Bat"": 3.291, ""Distance_mm"": 929, ""Interrupt_flag"": 0, ""Node_type"": ""DDS75-LB"", ""Sensor_flag"": 1, ""TempC_DS18B20"": 32.76}"
2025-09-18 06:27:50.406703800+00:00,dds75-lb-13,2,-35,8.25,"{""Bat"": 3.291, ""Distance_mm"": 929, ""Interrupt_flag"": 0, ""Node_type"": ""DDS75-LB"", ""Sensor_flag"": 1, ""TempC_DS18B20"": 32.76}"
2025-09-18 06:47:50.166582355+00:00,dds75-lb-13,2,-37,10.0,"{""Bat"": 3.291, ""Distance_mm"": 929, ""Interrupt_flag"": 0, ""Node_type"": ""DDS75-LB"", ""Sensor_flag"": 1, ""TempC_DS18B20"": 32.76}"
2025-09-18 07:07:49.918865614+00:00,dds75-lb-13,2,-37,9.25,"{""Bat"": 3.291, ""Distance_mm"": 929, ""Interrupt_flag"": 0, ""Node_type"": ""DDS75-LB"", ""Sensor_flag"": 1, ""TempC_DS18B20"": 32.76}"
2025-09-18 07:27:49.671063286+00:00,dds75-lb-13,2,-37,7.75,"{""Bat"": 3.291, ""Distance_mm"": 929, ""Interrupt_flag"": 0, ""Node_type"": ""DDS75-LB"", ""Sensor_flag"": 1, ""TempC_DS18B20"": 32.76}"
2025-09-18 07:47:49.429458777+00:00,dds75-lb-13,2,-33,9.25,"{""Bat"": 3.291, ""Distance_mm"": 929, ""Interrupt_flag"": 0, ""Node_type"": ""DDS75-LB"", ""Sensor_flag"": 1, ""TempC_DS18B20"": 32.76}"
2025-09-18 08:07:49.212050928+00:00,dds75-lb-13,2,-36,7.75,"{""Bat"": 3.291, ""Distance_mm"": 929, ""Interrupt_flag"": 0, ""Node_type"": ""DDS75-LB"", ""Sensor_flag"": 1, ""TempC_DS18B20"": 32.76}"
2025-09-18 08:27:48.955329837+00:00,dds75-lb-13,2,-37,10.25,"{""Bat"": 3.291, ""Distance_mm"": 929, ""Interrupt_flag"": 0, ""Node_type"": ""DDS75-LB"", ""Sensor_flag"": 1, ""TempC_DS18B20"": 32.76}"
2025-09-18 08:47:48.709995896+00:00,dds75-lb-13,2,-38,9.25,"{""Bat"": 3.291, ""Distance_mm"": 929, ""Interrupt_flag"": 0, ""Node_type"": ""DDS75-LB"", ""Sensor_flag"": 1, ""TempC_DS18B20"": 32.76}"
2025-09-18 09:07:48.463952878+00:00,dds75-lb-13,2,-123,-7.25,"{""Bat"": 3.291, ""Distance_mm"": 929, ""Interrupt_flag"": 0, ""Node_type"": ""DDS75-LB"", ""Sensor_flag"": 1, ""TempC_DS18B20"": 32.76}"
2025-09-18 09:27:48.218429496+00:00,dds75-lb-13,2,-116,-0.5,"{""Bat"": 3.291, ""Distance_mm"": 929, ""Interrupt_flag"": 0, ""Node_type"": ""DDS75-LB"", ""Sensor_flag"": 1, ""TempC_DS18B20"": 32.76}"
2025-09-18 09:47:47.975366487+00:00,dds75-lb-13,2,-117,-2.0,"{""Bat"": 3.291, ""Distance_mm"": 929, ""Interrupt_flag"": 0, ""Node_type"": ""DDS75-LB"", ""Sensor_flag"": 1, ""TempC_DS18B20"": 32.76}"
2025-09-18 10:07:47.732615502+00:00,dds75-lb-13,2,-35,8.25,"{""Bat"": 3.291, ""Distance_mm"": 929, ""Interrupt_flag"": 0, ""Node_type"": ""DDS75-LB"", ""Sensor_flag"": 1, ""TempC_DS18B20"": 32.76}"
2025-09-18 10:27:47.499023807+00:00,dds75-lb-13,2,-121,-4.5,"{""Bat"": 3.291, ""Distance_mm"": 929, ""Interrupt_flag"": 0, ""Node_type"": ""DDS75-LB"", ""Sensor_flag"": 1, ""TempC_DS18B20"": 32.76}"
2025-09-18 10:47:47.252381552+00:00,dds75-lb-13,2,-121,-4.25,"{""Bat"": 3.291, ""Distance_mm"": 929, ""Interrupt_flag"": 0, ""Node_type"": ""DDS75-LB"", ""Sensor_flag"": 1, ""TempC_DS18B20"": 32.76}"
2025-09-18 11:07:47.010104645+00:00,dds75-lb-13,2,-35,10.75,"{""Bat"": 3.291, ""Distance_mm"": 930, ""Interrupt_flag"": 0, ""Node_type"": ""DDS75-LB"", ""Sensor_flag"": 1, ""TempC_DS18B20"": 32.76}"
2025-09-18 11:27:46.767821516+00:00,dds75-lb-13,2,-39,9.75,"{""Bat"": 3.291, ""Distance_mm"": 929, ""Interrupt_flag"": 0, ""Node_type"": ""DDS75-LB"", ""Sensor_flag"": 1, ""TempC_DS18B20"": 32.76}"
2025-09-18 11:47:46.536114619+00:00,dds75-lb-13,2,-36,10.0,"{""Bat"": 3.291, ""Distance_mm"": 929, ""Interrupt_flag"": 0, ""Node_type"": ""DDS75-LB"", ""Sensor_flag"": 1, ""TempC_DS18B20"": 32.76}"
2025-09-18 12:07:46.276502334+00:00,dds75-lb-13,2,-33,6.75,"{""Bat"": 3.291, ""Distance_mm"": 929, ""Interrupt_flag"": 0, ""Node_type"": ""DDS75-LB"", ""Sensor_flag"": 1, ""TempC_DS18B20"": 32.76}"
2025-09-18 12:27:46.053311813+00:00,dds75-lb-13,2,-38,9.5,"{""Bat"": 3.291, ""Distance_mm"": 930, ""Interrupt_flag"": 0, ""Node_type"": ""DDS75-LB"", ""Sensor_flag"": 1, ""TempC_DS18B20"": 32.76}"
2025-09-18 12:47:45.784607372+00:00,dds75-lb-13,2,-37,7.75,"{""Bat"": 3.291, ""Distance_mm"": 930, ""Interrupt_flag"": 0, ""Node_type"": ""DDS75-LB"", ""Sensor_flag"": 1, ""TempC_DS18B20"": 32.76}"
2025-09-18 13:07:45.543445911+00:00,dds75-lb-13,2,-35,7.5,"{""Bat"": 3.291, ""Distance_mm"": 930, ""Interrupt_flag"": 0, ""Node_type"": ""DDS75-LB"", ""Sensor_flag"": 1, ""TempC_DS18B20"": 32.76}"
2025-09-18 13:27:45.303645204+00:00,dds75-lb-13,2,-35,8.25,"{""Bat"": 3.291, ""Distance_mm"": 930, ""Interrupt_flag"": 0, ""Node_type"": ""DDS75-LB"", ""Sensor_flag"": 1, ""TempC_DS18B20"": 32.76}"
2025-09-18 13:47:45.040743421+00:00,dds75-lb-13,2,-113,2.75,"{""Bat"": 3.291, ""Distance_mm"": 929, ""Interrupt_flag"": 0, ""Node_type"": ""DDS75-LB"", ""Sensor_flag"": 1, ""TempC_DS18B20"": 32.76}"
2025-09-18 14:07:44.828874240+00:00,dds75-lb-13,2,-36,9.25,"{""Bat"": 3.291, ""Distance_mm"": 929, ""Interrupt_flag"": 0, ""Node_type"": ""DDS75-LB"", ""Sensor_flag"": 1, ""TempC_DS18B20"": 32.76}"
2025-09-18 14:27:44.570361102+00:00,dds75-lb-13,2,-37,8.0,"{""Bat"": 3.291, ""Distance_mm"": 929, ""Interrupt_flag"": 0, ""Node_type"": ""DDS75-LB"", ""Sensor_flag"": 1, ""TempC_DS18B20"": 32.76}"
2025-09-18 14:47:44.331382277+00:00,dds75-lb-13,2,-119,-5.25,"{""Bat"": 3.291, ""Distance_mm"": 930, ""Interrupt_flag"": 0, ""Node_type"": ""DDS75-LB"", ""Sensor_flag"": 1, ""TempC_DS18B20"": 32.76}"
2025-09-18 15:07:44.080662637+00:00,dds75-lb-13,2,-119,-3.5,"{""Bat"": 3.291, ""Distance_mm"": 930, ""Interrupt_flag"": 0, ""Node_type"": ""DDS75-LB"", ""Sensor_flag"": 1, ""TempC_DS18B20"": 32.76}"
2025-09-18 15:27:43.854483358+00:00,dds75-lb-13,2,-35,9.5,"{""Bat"": 3.291, ""Distance_mm"": 930, ""Interrupt_flag"": 0, ""Node_type"": ""DDS75-LB"", ""Sensor_flag"": 1, ""TempC_DS18B20"": 32.76}"
2025-09-18 15:47:43.610725962+00:00,dds75-lb-13,2,-35,7.25,"{""Bat"": 3.291, ""Distance_mm"": 930, ""Interrupt_flag"": 0, ""Node_type"": ""DDS75-LB"", ""Sensor_flag"": 1, ""TempC_DS18B20"": 32.76}"
2025-09-18 16:07:43.353473148+00:00,dds75-lb-13,2,-37,9.0,"{""Bat"": 3.291, ""Distance_mm"": 930, ""Interrupt_flag"": 0, ""Node_type"": ""DDS75-LB"", ""Sensor_flag"": 1, ""TempC_DS18B20"": 32.76}"
2025-09-18 16:27:43.118269395+00:00,dds75-lb-13,2,-115,0.75,"{""Bat"": 3.291, ""Distance_mm"": 929, ""Interrupt_flag"": 0, ""Node_type"": ""DDS75-LB"", ""Sensor_flag"": 1, ""TempC_DS18B20"": 32.76}"
2025-09-18 16:47:42.858782775+00:00,dds75-lb-13,2,-37,9.25,"{""Bat"": 3.291, ""Distance_mm"": 929, ""Interrupt_flag"": 0, ""Node_type"": ""DDS75-LB"", ""Sensor_flag"": 1, ""TempC_DS18B20"": 32.76}"
2025-09-18 17:07:42.623060925+00:00,dds75-lb-13,2,-38,10.0,"{""Bat"": 3.291, ""Distance_mm"": 929, ""Interrupt_flag"": 0, ""Node_type"": ""DDS75-LB"", ""Sensor_flag"": 1, ""TempC_DS18B20"": 32.76}"
2025-09-18 17:27:42.389009042+00:00,dds75-lb-13,2,-120,-7.25,"{""Bat"": 3.291, ""Distance_mm"": 929, ""Interrupt_flag"": 0, ""Node_type"": ""DDS75-LB"", ""Sensor_flag"": 1, ""TempC_DS18B20"": 32.76}"
2025-09-18 17:47:42.128901198+00:00,dds75-lb-13,2,-38,9.25,"{""Bat"": 3.291, ""Distance_mm"": 929, ""Interrupt_flag"": 0, ""Node_type"": ""DDS75-LB"", ""Sensor_flag"": 1, ""TempC_DS18B20"": 32.76}"
2025-09-18 18:07:41.872313644+00:00,dds75-lb-13,2,-37,10.25,"{""Bat"": 3.291, ""Distance_mm"": 929, ""Interrupt_flag"": 0, ""Node_type"": ""DDS75-LB"", ""Sensor_flag"": 1, ""TempC_DS18B20"": 32.76}"
2025-09-18 18:27:41.659493504+00:00,dds75-lb-13,2,-35,9.25,"{""Bat"": 3.291, ""Distance_mm"": 929, ""Interrupt_flag"": 0, ""Node_type"": ""DDS75-LB"", ""Sensor_flag"": 1, ""TempC_DS18B20"": 32.76}"
2025-09-18 18:47:41.396662015+00:00,dds75-lb-13,2,-37,7.0,"{""Bat"": 3.291, ""Distance_mm"": 929, ""Interrupt_flag"": 0, ""Node_type"": ""DDS75-LB"", ""Sensor_flag"": 1, ""TempC_DS18B20"": 32.76}"
2025-09-18 19:07:41.147118997+00:00,dds75-lb-13,2,-34,9.75,"{""Bat"": 3.291, ""Distance_mm"": 929, ""Interrupt_flag"": 0, ""Node_type"": ""DDS75-LB"", ""Sensor_flag"": 1, ""TempC_DS18B20"": 32.76}"
2025-09-18 19:27:40.937171872+00:00,dds75-lb-13,2,-36,9.75,"{""Bat"": 3.291, ""Distance_mm"": 929, ""Interrupt_flag"": 0, ""Node_type"": ""DDS75-LB"", ""Sensor_flag"": 1, ""TempC_DS18B20"": 32.76}"
2025-09-18 19:47:40.668314978+00:00,dds75-lb-13,2,-37,10.25,"{""Bat"": 3.291, ""Distance_mm"": 929, ""Interrupt_flag"": 0, ""Node_type"": ""DDS75-LB"", ""Sensor_flag"": 1, ""TempC_DS18B20"": 32.76}"
2025-09-18 20:07:40.439076369+00:00,dds75-lb-13,2,-33,8.75,"{""Bat"": 3.291, ""Distance_mm"": 929, ""Interrupt_flag"": 0, ""Node_type"": ""DDS75-LB"", ""Sensor_flag"": 1, ""TempC_DS18B20"": 32.76}"
2025-09-18 20:27:40.205135864+00:00,dds75-lb-13,2,-38,9.5,"{""Bat"": 3.291, ""Distance_mm"": 929, ""Interrupt_flag"": 0, ""Node_type"": ""DDS75-LB"", ""Sensor_flag"": 1, ""TempC_DS18B20"": 32.76}"
2025-09-18 20:47:39.937185568+00:00,dds75-lb-13,2,-35,8.25,"{""Bat"": 3.291, ""Distance_mm"": 929, ""Interrupt_flag"": 0, ""Node_type"": ""DDS75-LB"", ""Sensor_flag"": 1, ""TempC_DS18B20"": 32.76}"
2025-09-18 21:07:39.715593160+00:00,dds75-lb-13,2,-33,9.25,"{""Bat"": 3.291, ""Distance_mm"": 929, ""Interrupt_flag"": 0, ""Node_type"": ""DDS75-LB"", ""Sensor_flag"": 1, ""TempC_DS18B20"": 32.76}"
2025-09-18 21:27:39.467839612+00:00,dds75-lb-13,2,-32,9.0,"{""Bat"": 3.291, ""Distance_mm"": 929, ""Interrupt_flag"": 0, ""Node_type"": ""DDS75-LB"", ""Sensor_flag"": 1, ""TempC_DS18B20"": 32.76}"
2025-09-18 21:47:39.211238010+00:00,dds75-lb-13,2,-35,10.75,"{""Bat"": 3.291, ""Distance_mm"": 929, ""Interrupt_flag"": 0, ""Node_type"": ""DDS75-LB"", ""Sensor_flag"": 1, ""TempC_DS18B20"": 32.76}"
2025-09-18 22:07:38.987746728+00:00,dds75-lb-13,2,-37,10.5,"{""Bat"": 3.291, ""Distance_mm"": 929, ""Interrupt_flag"": 0, ""Node_type"": ""DDS75-LB"", ""Sensor_flag"": 1, ""TempC_DS18B20"": 32.76}"
2025-09-18 22:27:38.727515170+00:00,dds75-lb-13,2,-37,7.25,"{""Bat"": 3.291, ""Distance_mm"": 929, ""Interrupt_flag"": 0, ""Node_type"": ""DDS75-LB"", ""Sensor_flag"": 1, ""TempC_DS18B20"": 32.76}"
2025-09-18 22:47:38.509709881+00:00,dds75-lb-13,2,-33,8.75,"{""Bat"": 3.291, ""Distance_mm"": 929, ""Interrupt_flag"": 0, ""Node_type"": ""DDS75-LB"", ""Sensor_flag"": 1, ""TempC_DS18B20"": 32.76}"
2025-09-18 23:07:38.241035404+00:00,dds75-lb-13,2,-36,10.0,"{""Bat"": 3.291, ""Distance_mm"": 929, ""Interrupt_flag"": 0, ""Node_type"": ""DDS75-LB"", ""Sensor_flag"": 1, ""TempC_DS18B20"": 32.76}"
2025-09-18 23:27:38.010547510+00:00,dds75-lb-13,2,-33,9.5,"{""Bat"": 3.291, ""Distance_mm"": 929, ""Interrupt_flag"": 0, ""Node_type"": ""DDS75-LB"", ""Sensor_flag"": 1, ""TempC_DS18B20"": 32.76}"
2025-09-18 23:47:37.772157834+00:00,dds75-lb-13,2,-123,-6.75,"{""Bat"": 3.291, ""Distance_mm"": 929, ""Interrupt_flag"": 0, ""Node_type"": ""DDS75-LB"", ""Sensor_flag"": 1, ""TempC_DS18B20"": 32.76}"
2025-09-19 00:07:37.523095405+00:00,dds75-lb-13,2,-113,3.25,"{""Bat"": 3.291, ""Distance_mm"": 929, ""Interrupt_flag"": 0, ""Node_type"": ""DDS75-LB"", ""Sensor_flag"": 1, ""TempC_DS18B20"": 32.76}"
2025-09-19 00:27:37.276097428+00:00,dds75-lb-13,2,-116,0.5,"{""Bat"": 3.291, ""Distance_mm"": 929, ""Interrupt_flag"": 0, ""Node_type"": ""DDS75-LB"", ""Sensor_flag"": 1, ""TempC_DS18B20"": 32.76}"
2025-09-19 00:47:37.038773557+00:00,dds75-lb-13,2,-37,10.0,"{""Bat"": 3.291, ""Distance_mm"": 929, ""Interrupt_flag"": 0, ""Node_type"": ""DDS75-LB"", ""Sensor_flag"": 1, ""TempC_DS18B20"": 32.76}"
2025-09-19 01:07:36.812443032+00:00,dds75-lb-13,2,-122,-5.75,"{""Bat"": 3.291, ""Distance_mm"": 929, ""Interrupt_flag"": 0, ""Node_type"": ""DDS75-LB"", ""Sensor_flag"": 1, ""TempC_DS18B20"": 32.76}"
2025-09-19 01:27:36.537328806+00:00,dds75-lb-13,2,-118,-2.25,"{""Bat"": 3.291, ""Distance_mm"": 929, ""Interrupt_flag"": 0, ""Node_type"": ""DDS75-LB"", ""Sensor_flag"": 1, ""TempC_DS18B20"": 32.76}"
2025-09-19 01:47:36.297845568+00:00,dds75-lb-13,2,-35,9.75,"{""Bat"": 3.291, ""Distance_mm"": 929, ""Interrupt_flag"": 0, ""Node_type"": ""DDS75-LB"", ""Sensor_flag"": 1, ""TempC_DS18B20"": 32.76}"
2025-09-19 02:07:36.059092579+00:00,dds75-lb-13,2,-35,7.75,"{""Bat"": 3.291, ""Distance_mm"": 929, ""Interrupt_flag"": 0, ""Node_type"": ""DDS75-LB"", ""Sensor_flag"": 1, ""TempC_DS18B20"": 32.76}"
2025-09-19 02:27:35.803128249+00:00,dds75-lb-13,2,-33,9.25,"{""Bat"": 3.291, ""Distance_mm"": 929, ""Interrupt_flag"": 0, ""Node_type"": ""DDS75-LB"", ""Sensor_flag"": 1, ""TempC_DS18B20"": 32.76}"
2025-09-19 02:47:35.576132857+00:00,dds75-lb-13,2,-35,7.25,"{""Bat"": 3.291, ""Distance_mm"": 929, ""Interrupt_flag"": 0, ""Node_type"": ""DDS75-LB"", ""Sensor_flag"": 1, ""TempC_DS18B20"": 32.76}"
2025-09-19 03:07:35.324842205+00:00,dds75-lb-13,2,-33,9.25,"{""Bat"": 3.291, ""Distance_mm"": 929, ""Interrupt_flag"": 0, ""Node_type"": ""DDS75-LB"", ""Sensor_flag"": 1, ""TempC_DS18B20"": 32.76}"
2025-09-19 03:27:35.071648891+00:00,dds75-lb-13,2,-38,10.0,"{""Bat"": 3.291, ""Distance_mm"": 929, ""Interrupt_flag"": 0, ""Node_type"": ""DDS75-LB"", ""Sensor_flag"": 1, ""TempC_DS18B20"": 32.76}"
2025-09-19 03:47:34.842411049+00:00,dds75-lb-13,2,-34,8.75,"{""Bat"": 3.291, ""Distance_mm"": 929, ""Interrupt_flag"": 0, ""Node_type"": ""DDS75-LB"", ""Sensor_flag"": 1, ""TempC_DS18B20"": 32.76}"
2025-09-19 04:07:34.597922166+00:00,dds75-lb-13,2,-33,9.0,"{""Bat"": 3.291, ""Distance_mm"": 929, ""Interrupt_flag"": 0, ""Node_type"": ""DDS75-LB"", ""Sensor_flag"": 1, ""TempC_DS18B20"": 32.76}"
2025-09-19 04:27:34.363041213+00:00,dds75-lb-13,2,-123,-7.5,"{""Bat"": 3.291, ""Distance_mm"": 929, ""Interrupt_flag"": 0, ""Node_type"": ""DDS75-LB"", ""Sensor_flag"": 1, ""TempC_DS18B20"": 32.76}"
2025-09-19 04:47:34.128037428+00:00,dds75-lb-13,2,-35,10.0,"{""Bat"": 3.291, ""Distance_mm"": 929, ""Interrupt_flag"": 0, ""Node_type"": ""DDS75-LB"", ""Sensor_flag"": 1, ""TempC_DS18B20"": 32.76}"
2025-09-19 05:07:33.862635083+00:00,dds75-lb-13,2,-33,8.75,"{""Bat"": 3.291, ""Distance_mm"": 929, ""Interrupt_flag"": 0, ""Node_type"": ""DDS75-LB"", ""Sensor_flag"": 1, ""TempC_DS18B20"": 32.76}"
2025-09-19 05:27:33.630272953+00:00,dds75-lb-13,2,-36,9.5,"{""Bat"": 3.291, ""Distance_mm"": 929, ""Interrupt_flag"": 0, ""Node_type"": ""DDS75-LB"", ""Sensor_flag"": 1, ""TempC_DS18B20"": 32.76}"
2025-09-19 05:47:33.402171387+00:00,dds75-lb-13,2,-35,9.75,"{""Bat"": 3.291, ""Distance_mm"": 929, ""Interrupt_flag"": 0, ""Node_type"": ""DDS75-LB"", ""Sensor_flag"": 1, ""TempC_DS18B20"": 32.76}"
2025-09-19 06:07:33.161227753+00:00,dds75-lb-13,2,-37,9.25,"{""Bat"": 3.291, ""Distance_mm"": 929, ""Interrupt_flag"": 0, ""Node_type"": ""DDS75-LB"", ""Sensor_flag"": 1, ""TempC_DS18B20"": 32.76}"
2025-09-19 06:27:32.917442386+00:00,dds75-lb-13,2,-36,10.25,"{""Bat"": 3.291, ""Distance_mm"": 929, ""Interrupt_flag"": 0, ""Node_type"": ""DDS75-LB"", ""Sensor_flag"": 1, ""TempC_DS18B20"": 32.76}"
2025-09-19 06:47:32.670084797+00:00,dds75-lb-13,2,-34,9.5,"{""Bat"": 3.291, ""Distance_mm"": 930, ""Interrupt_flag"": 0, ""Node_type"": ""DDS75-LB"", ""Sensor_flag"": 1, ""TempC_DS18B20"": 32.76}"
2025-09-19 07:07:32.428545726+00:00,dds75-lb-13,2,-122,-7.25,"{""Bat"": 3.291, ""Distance_mm"": 925, ""Interrupt_flag"": 0, ""Node_type"": ""DDS75-LB"", ""Sensor_flag"": 1, ""TempC_DS18B20"": 32.76}"
2025-09-19 07:27:32.188373685+00:00,dds75-lb-13,2,-35,7.25,"{""Bat"": 3.291, ""Distance_mm"": 925, ""Interrupt_flag"": 0, ""Node_type"": ""DDS75-LB"", ""Sensor_flag"": 1, ""TempC_DS18B20"": 32.76}"
2025-09-19 07:47:31.926664538+00:00,dds75-lb-13,2,-35,6.75,"{""Bat"": 3.291, ""Distance_mm"": 925, ""Interrupt_flag"": 0, ""Node_type"": ""DDS75-LB"", ""Sensor_flag"": 1, ""TempC_DS18B20"": 32.76}"
2025-09-19 08:07:31.693827184+00:00,dds75-lb-13,2,-34,9.5,"{""Bat"": 3.291, ""Distance_mm"": 929, ""Interrupt_flag"": 0, ""Node_type"": ""DDS75-LB"", ""Sensor_flag"": 1, ""TempC_DS18B20"": 32.76}"
2025-09-19 08:27:31.442165324+00:00,dds75-lb-13,2,-117,-1.25,"{""Bat"": 3.291, ""Distance_mm"": 924, ""Interrupt_flag"": 0, ""Node_type"": ""DDS75-LB"", ""Sensor_flag"": 1, ""TempC_DS18B20"": 32.76}"
2025-09-19 08:47:31.202252804+00:00,dds75-lb-13,2,-34,9.5,"{""Bat"": 3.291, ""Distance_mm"": 929, ""Interrupt_flag"": 0, ""Node_type"": ""DDS75-LB"", ""Sensor_flag"": 1, ""TempC_DS18B20"": 32.76}"
2025-09-19 09:07:30.951706114+00:00,dds75-lb-13,2,-37,10.0,"{""Bat"": 3.291, ""Distance_mm"": 929, ""Interrupt_flag"": 0, ""Node_type"": ""DDS75-LB"", ""Sensor_flag"": 1, ""TempC_DS18B20"": 32.76}"
2025-09-19 09:27:30.713540772+00:00,dds75-lb-13,2,-36,9.0,"{""Bat"": 3.291, ""Distance_mm"": 929, ""Interrupt_flag"": 0, ""Node_type"": ""DDS75-LB"", ""Sensor_flag"": 1, ""TempC_DS18B20"": 32.76}"
2025-09-19 09:47:30.454435113+00:00,dds75-lb-13,2,-34,9.25,"{""Bat"": 3.291, ""Distance_mm"": 929, ""Interrupt_flag"": 0, ""Node_type"": ""DDS75-LB"", ""Sensor_flag"": 1, ""TempC_DS18B20"": 32.76}"
2025-09-19 10:07:30.206050614+00:00,dds75-lb-13,2,-35,10.75,"{""Bat"": 3.291, ""Distance_mm"": 929, ""Interrupt_flag"": 0, ""Node_type"": ""DDS75-LB"", ""Sensor_flag"": 1, ""TempC_DS18B20"": 32.76}"
2025-09-19 10:27:29.964496225+00:00,dds75-lb-13,2,-37,8.0,"{""Bat"": 3.291, ""Distance_mm"": 929, ""Interrupt_flag"": 0, ""Node_type"": ""DDS75-LB"", ""Sensor_flag"": 1, ""TempC_DS18B20"": 32.76}"
2025-09-19 10:47:29.718320257+00:00,dds75-lb-13,2,-37,9.25,"{""Bat"": 3.291, ""Distance_mm"": 929, ""Interrupt_flag"": 0, ""Node_type"": ""DDS75-LB"", ""Sensor_flag"": 1, ""TempC_DS18B20"": 32.76}"
2025-09-19 11:07:29.508868940+00:00,dds75-lb-13,2,-35,9.75,"{""Bat"": 3.291, ""Distance_mm"": 928, ""Interrupt_flag"": 0, ""Node_type"": ""DDS75-LB"", ""Sensor_flag"": 1, ""TempC_DS18B20"": 32.76}"
2025-09-19 11:27:29.257746467+00:00,dds75-lb-13,2,-36,9.75,"{""Bat"": 3.291, ""Distance_mm"": 930, ""Interrupt_flag"": 0, ""Node_type"": ""DDS75-LB"", ""Sensor_flag"": 1, ""TempC_DS18B20"": 32.76}"
2025-09-19 11:47:28.990265078+00:00,dds75-lb-13,2,-37,9.5,"{""Bat"": 3.291, ""Distance_mm"": 925, ""Interrupt_flag"": 0, ""Node_type"": ""DDS75-LB"", ""Sensor_flag"": 1, ""TempC_DS18B20"": 32.76}"
2025-09-19 12:07:28.764412503+00:00,dds75-lb-13,2,-118,-5.75,"{""Bat"": 3.291, ""Distance_mm"": 929, ""Interrupt_flag"": 0, ""Node_type"": ""DDS75-LB"", ""Sensor_flag"": 1, ""TempC_DS18B20"": 32.76}"
2025-09-19 12:27:28.538742648+00:00,dds75-lb-13,2,-36,10.5,"{""Bat"": 3.291, ""Distance_mm"": 925, ""Interrupt_flag"": 0, ""Node_type"": ""DDS75-LB"", ""Sensor_flag"": 1, ""TempC_DS18B20"": 32.76}"
2025-09-19 12:47:28.281035463+00:00,dds75-lb-13,2,-37,7.5,"{""Bat"": 3.291, ""Distance_mm"": 929, ""Interrupt_flag"": 0, ""Node_type"": ""DDS75-LB"", ""Sensor_flag"": 1, ""TempC_DS18B20"": 32.76}"
2025-09-19 13:07:28.037639707+00:00,dds75-lb-13,2,-33,7.75,"{""Bat"": 3.291, ""Distance_mm"": 925, ""Interrupt_flag"": 0, ""Node_type"": ""DDS75-LB"", ""Sensor_flag"": 1, ""TempC_DS18B20"": 32.76}"
2025-09-19 13:27:27.773260041+00:00,dds75-lb-13,2,-34,7.5,"{""Bat"": 3.291, ""Distance_mm"": 926, ""Interrupt_flag"": 0, ""Node_type"": ""DDS75-LB"", ""Sensor_flag"": 1, ""TempC_DS18B20"": 32.76}"
2025-09-19 13:47:27.541528643+00:00,dds75-lb-13,2,-35,9.5,"{""Bat"": 3.291, ""Distance_mm"": 925, ""Interrupt_flag"": 0, ""Node_type"": ""DDS75-LB"", ""Sensor_flag"": 1, ""TempC_DS18B20"": 32.76}"
2025-09-19 14:07:27.313332860+00:00,dds75-lb-13,2,-38,9.0,"{""Bat"": 3.291, ""Distance_mm"": 925, ""Interrupt_flag"": 0, ""Node_type"": ""DDS75-LB"", ""Sensor_flag"": 1, ""TempC_DS18B20"": 32.76}"
2025-09-19 14:27:27.053574588+00:00,dds75-lb-13,2,-36,8.75,"{""Bat"": 3.291, ""Distance_mm"": 925, ""Interrupt_flag"": 0, ""Node_type"": ""DDS75-LB"", ""Sensor_flag"": 1, ""TempC_DS18B20"": 32.76}"
2025-09-19 14:47:26.780042509+00:00,dds75-lb-13,2,-125,-7.2,"{""Bat"": 3.291, ""Distance_mm"": 925, ""Interrupt_flag"": 0, ""Node_type"": ""DDS75-LB"", ""Sensor_flag"": 1, ""TempC_DS18B20"": 32.76}"
2025-09-19 15:07:26.560271012+00:00,dds75-lb-13,2,-116,-1.0,"{""Bat"": 3.291, ""Distance_mm"": 925, ""Interrupt_flag"": 0, ""Node_type"": ""DDS75-LB"", ""Sensor_flag"": 1, ""TempC_DS18B20"": 32.76}"
2025-09-19 15:27:26.325366394+00:00,dds75-lb-13,2,-35,7.5,"{""Bat"": 3.291, ""Distance_mm"": 925, ""Interrupt_flag"": 0, ""Node_type"": ""DDS75-LB"", ""Sensor_flag"": 1, ""TempC_DS18B20"": 32.76}"
2025-09-19 15:47:26.081487530+00:00,dds75-lb-13,2,-37,8.0,"{""Bat"": 3.291, ""Distance_mm"": 925, ""Interrupt_flag"": 0, ""Node_type"": ""DDS75-LB"", ""Sensor_flag"": 1, ""TempC_DS18B20"": 32.76}"
2025-09-19 16:07:25.826261051+00:00,dds75-lb-13,2,-35,9.25,"{""Bat"": 3.291, ""Distance_mm"": 925, ""Interrupt_flag"": 0, ""Node_type"": ""DDS75-LB"", ""Sensor_flag"": 1, ""TempC_DS18B20"": 32.76}"
2025-09-19 16:27:25.626515723+00:00,dds75-lb-13,2,-115,0.5,"{""Bat"": 3.291, ""Distance_mm"": 925, ""Interrupt_flag"": 0, ""Node_type"": ""DDS75-LB"", ""Sensor_flag"": 1, ""TempC_DS18B20"": 32.76}"
2025-09-19 16:47:25.361249172+00:00,dds75-lb-13,2,-38,9.25,"{""Bat"": 3.291, ""Distance_mm"": 925, ""Interrupt_flag"": 0, ""Node_type"": ""DDS75-LB"", ""Sensor_flag"": 1, ""TempC_DS18B20"": 32.76}"
2025-09-19 17:07:25.116241835+00:00,dds75-lb-13,2,-37,9.0,"{""Bat"": 3.291, ""Distance_mm"": 925, ""Interrupt_flag"": 0, ""Node_type"": ""DDS75-LB"", ""Sensor_flag"": 1, ""TempC_DS18B20"": 32.76}"
2025-09-19 17:27:24.872084455+00:00,dds75-lb-13,2,-37,9.5,"{""Bat"": 3.291, ""Distance_mm"": 925, ""Interrupt_flag"": 0, ""Node_type"": ""DDS75-LB"", ""Sensor_flag"": 1, ""TempC_DS18B20"": 32.76}"
2025-09-19 17:47:24.638088711+00:00,dds75-lb-13,2,-38,10.5,"{""Bat"": 3.291, ""Distance_mm"": 925, ""Interrupt_flag"": 0, ""Node_type"": ""DDS75-LB"", ""Sensor_flag"": 1, ""TempC_DS18B20"": 32.76}"
2025-09-19 18:07:24.377949859+00:00,dds75-lb-13,2,-117,-1.25,"{""Bat"": 3.291, ""Distance_mm"": 925, ""Interrupt_flag"": 0, ""Node_type"": ""DDS75-LB"", ""Sensor_flag"": 1, ""TempC_DS18B20"": 32.76}"
2025-09-19 18:27:24.128468089+00:00,dds75-lb-13,2,-115,-0.75,"{""Bat"": 3.291, ""Distance_mm"": 925, ""Interrupt_flag"": 0, ""Node_type"": ""DDS75-LB"", ""Sensor_flag"": 1, ""TempC_DS18B20"": 32.76}"
2025-09-19 18:47:23.895891737+00:00,dds75-lb-13,2,-37,7.25,"{""Bat"": 3.291, ""Distance_mm"": 925, ""Interrupt_flag"": 0, ""Node_type"": ""DDS75-LB"", ""Sensor_flag"": 1, ""TempC_DS18B20"": 32.76}"
2025-09-19 19:07:23.649409169+00:00,dds75-lb-13,2,-33,9.25,"{""Bat"": 3.291, ""Distance_mm"": 925, ""Interrupt_flag"": 0, ""Node_type"": ""DDS75-LB"", ""Sensor_flag"": 1, ""TempC_DS18B20"": 32.76}"
2025-09-19 19:27:23.414716512+00:00,dds75-lb-13,2,-38,10.0,"{""Bat"": 3.291, ""Distance_mm"": 925, ""Interrupt_flag"": 0, ""Node_type"": ""DDS75-LB"", ""Sensor_flag"": 1, ""TempC_DS18B20"": 32.76}"
2025-09-19 19:47:23.162855971+00:00,dds75-lb-13,2,-121,-7.75,"{""Bat"": 3.291, ""Distance_mm"": 925, ""Interrupt_flag"": 0, ""Node_type"": ""DDS75-LB"", ""Sensor_flag"": 1, ""TempC_DS18B20"": 32.76}"
2025-09-19 20:07:22.910350004+00:00,dds75-lb-13,2,-33,9.0,"{""Bat"": 3.291, ""Distance_mm"": 925, ""Interrupt_flag"": 0, ""Node_type"": ""DDS75-LB"", ""Sensor_flag"": 1, ""TempC_DS18B20"": 32.76}"
2025-09-19 20:27:22.676932621+00:00,dds75-lb-13,2,-35,9.5,"{""Bat"": 3.291, ""Distance_mm"": 925, ""Interrupt_flag"": 0, ""Node_type"": ""DDS75-LB"", ""Sensor_flag"": 1, ""TempC_DS18B20"": 32.76}"
2025-09-19 20:47:22.440772581+00:00,dds75-lb-13,2,-35,9.25,"{""Bat"": 3.291, ""Distance_mm"": 925, ""Interrupt_flag"": 0, ""Node_type"": ""DDS75-LB"", ""Sensor_flag"": 1, ""TempC_DS18B20"": 32.76}"
2025-09-19 21:07:22.177969015+00:00,dds75-lb-13,2,-37,7.75,"{""Bat"": 3.291, ""Distance_mm"": 925, ""Interrupt_flag"": 0, ""Node_type"": ""DDS75-LB"", ""Sensor_flag"": 1, ""TempC_DS18B20"": 32.76}"
2025-09-19 21:27:21.941336147+00:00,dds75-lb-13,2,-37,9.75,"{""Bat"": 3.291, ""Distance_mm"": 925, ""Interrupt_flag"": 0, ""Node_type"": ""DDS75-LB"", ""Sensor_flag"": 1, ""TempC_DS18B20"": 32.76}"
2025-09-19 21:47:21.701887830+00:00,dds75-lb-13,2,-115,1.75,"{""Bat"": 3.291, ""Distance_mm"": 925, ""Interrupt_flag"": 0, ""Node_type"": ""DDS75-LB"", ""Sensor_flag"": 1, ""TempC_DS18B20"": 32.76}"
2025-09-19 22:07:21.454866740+00:00,dds75-lb-13,2,-37,9.25,"{""Bat"": 3.291, ""Distance_mm"": 924, ""Interrupt_flag"": 0, ""Node_type"": ""DDS75-LB"", ""Sensor_flag"": 1, ""TempC_DS18B20"": 32.76}"
2025-09-19 22:27:21.207760071+00:00,dds75-lb-13,2,-35,8.25,"{""Bat"": 3.291, ""Distance_mm"": 925, ""Interrupt_flag"": 0, ""Node_type"": ""DDS75-LB"", ""Sensor_flag"": 1, ""TempC_DS18B20"": 32.76}"
2025-09-19 22:47:20.973646894+00:00,dds75-lb-13,2,-35,10.25,"{""Bat"": 3.291, ""Distance_mm"": 925, ""Interrupt_flag"": 0, ""Node_type"": ""DDS75-LB"", ""Sensor_flag"": 1, ""TempC_DS18B20"": 32.76}"
2025-09-19 23:07:20.725753224+00:00,dds75-lb-13,2,-37,10.0,"{""Bat"": 3.291, ""Distance_mm"": 925, ""Interrupt_flag"": 0, ""Node_type"": ""DDS75-LB"", ""Sensor_flag"": 1, ""TempC_DS18B20"": 32.76}"
2025-09-19 23:27:20.481246719+00:00,dds75-lb-13,2,-37,9.25,"{""Bat"": 3.291, ""Distance_mm"": 925, ""Interrupt_flag"": 0, ""Node_type"": ""DDS75-LB"", ""Sensor_flag"": 1, ""TempC_DS18B20"": 32.76}"
2025-09-19 23:47:20.303082253+00:00,dds75-lb-13,2,-35,8.25,"{""Bat"": 3.291, ""Distance_mm"": 925, ""Interrupt_flag"": 0, ""Node_type"": ""DDS75-LB"", ""Sensor_flag"": 1, ""TempC_DS18B20"": 32.76}"
2025-09-20 00:07:20.006461964+00:00,dds75-lb-13,2,-115,-7.25,"{""Bat"": 3.291, ""Distance_mm"": 925, ""Interrupt_flag"": 0, ""Node_type"": ""DDS75-LB"", ""Sensor_flag"": 1, ""TempC_DS18B20"": 32.76}"
2025-09-20 00:27:19.759870083+00:00,dds75-lb-13,2,-37,10.75,"{""Bat"": 3.291, ""Distance_mm"": 925, ""Interrupt_flag"": 0, ""Node_type"": ""DDS75-LB"", ""Sensor_flag"": 1, ""TempC_DS18B20"": 32.76}"
2025-09-20 00:47:19.517387329+00:00,dds75-lb-13,2,-38,9.5,"{""Bat"": 3.291, ""Distance_mm"": 929, ""Interrupt_flag"": 0, ""Node_type"": ""DDS75-LB"", ""Sensor_flag"": 1, ""TempC_DS18B20"": 32.76}"
2025-09-20 01:07:19.271879472+00:00,dds75-lb-13,2,-122,-6.25,"{""Bat"": 3.291, ""Distance_mm"": 925, ""Interrupt_flag"": 0, ""Node_type"": ""DDS75-LB"", ""Sensor_flag"": 1, ""TempC_DS18B20"": 32.76}"
2025-09-20 01:27:19.030001827+00:00,dds75-lb-13,2,-37,10.5,"{""Bat"": 3.291, ""Distance_mm"": 924, ""Interrupt_flag"": 0, ""Node_type"": ""DDS75-LB"", ""Sensor_flag"": 1, ""TempC_DS18B20"": 32.76}"
2025-09-20 01:47:18.782653872+00:00,dds75-lb-13,2,-38,9.75,"{""Bat"": 3.291, ""Distance_mm"": 925, ""Interrupt_flag"": 0, ""Node_type"": ""DDS75-LB"", ""Sensor_flag"": 1, ""TempC_DS18B20"": 32.76}"
2025-09-20 02:07:18.530323836+00:00,dds75-lb-13,2,-37,10.75,"{""Bat"": 3.291, ""Distance_mm"": 929, ""Interrupt_flag"": 0, ""Node_type"": ""DDS75-LB"", ""Sensor_flag"": 1, ""TempC_DS18B20"": 32.76}"
2025-09-20 02:27:18.282775049+00:00,dds75-lb-13,2,-35,9.0,"{""Bat"": 3.291, ""Distance_mm"": 927, ""Interrupt_flag"": 0, ""Node_type"": ""DDS75-LB"", ""Sensor_flag"": 1, ""TempC_DS18B20"": 32.76}"
2025-09-20 02:47:18.060554830+00:00,dds75-lb-13,2,-38,9.75,"{""Bat"": 3.291, ""Distance_mm"": 929, ""Interrupt_flag"": 0, ""Node_type"": ""DDS75-LB"", ""Sensor_flag"": 1, ""TempC_DS18B20"": 32.76}"
2025-09-20 03:07:17.797416327+00:00,dds75-lb-13,2,-115,1.5,"{""Bat"": 3.291, ""Distance_mm"": 925, ""Interrupt_flag"": 0, ""Node_type"": ""DDS75-LB"", ""Sensor_flag"": 1, ""TempC_DS18B20"": 32.76}"
2025-09-20 03:27:17.573971001+00:00,dds75-lb-13,2,-35,8.75,"{""Bat"": 3.291, ""Distance_mm"": 929, ""Interrupt_flag"": 0, ""Node_type"": ""DDS75-LB"", ""Sensor_flag"": 1, ""TempC_DS18B20"": 32.76}"
2025-09-20 03:47:17.319833695+00:00,dds75-lb-13,2,-36,10.0,"{""Bat"": 3.291, ""Distance_mm"": 929, ""Interrupt_flag"": 0, ""Node_type"": ""DDS75-LB"", ""Sensor_flag"": 1, ""TempC_DS18B20"": 32.76}"
2025-09-20 04:07:17.063338660+00:00,dds75-lb-13,2,-35,10.5,"{""Bat"": 3.291, ""Distance_mm"": 930, ""Interrupt_flag"": 0, ""Node_type"": ""DDS75-LB"", ""Sensor_flag"": 1, ""TempC_DS18B20"": 32.76}"
2025-09-20 04:27:16.824577947+00:00,dds75-lb-13,2,-35,9.25,"{""Bat"": 3.291, ""Distance_mm"": 929, ""Interrupt_flag"": 0, ""Node_type"": ""DDS75-LB"", ""Sensor_flag"": 1, ""TempC_DS18B20"": 32.76}"
